Date,CORESTICKM159SFRBATL
1968-02-04,3.6562527302
1968-02-11,3.6606444004
1968-02-18,3.6650360706000003
1968-02-25,3.6694277408000002
1968-03-03,3.7674883238000003
1968-03-10,3.8611572366
1968-03-17,3.9548261494
1968-03-24,4.0484950622
1968-03-31,4.142163975
1968-04-07,4.144896799
1968-04-14,4.147629623
1968-04-21,4.150362447
1968-04-28,4.153095271000001
1968-05-05,4.142311563400001
1968-05-12,4.1287950318
1968-05-19,4.1152785002000005
1968-05-26,4.1017619686
1968-06-02,4.179710219
1968-06-09,4.2711750010000005
1968-06-16,4.362639783
1968-06-23,4.454104565
1968-06-30,4.545569347
1968-07-07,4.5870707444
1968-07-14,4.6285721418
1968-07-21,4.6700735392
1968-07-28,4.7115749366
1968-08-04,4.7917823872000005
1968-08-11,4.8304884404
1968-08-18,4.8691944936
1968-08-25,4.9079005468
1968-09-01,4.9468799965
1968-09-08,4.947153393
1968-09-15,4.9474267895
1968-09-22,4.9477001860000005
1968-09-29,4.9479735825
1968-10-06,4.9951160526
1968-10-13,5.0419851262
1968-10-20,5.0888541998
1968-10-27,5.1357232734
1968-11-03,5.2259514664
1968-11-10,5.2693105858
1968-11-17,5.3126697052
1968-11-24,5.3560288246
1968-12-01,5.450547927166666
1968-12-08,5.501707910333333
1968-12-15,5.5528678935
1968-12-22,5.604027876666667
1968-12-29,5.655187859833333
1969-01-05,5.7143176665999995
1969-01-12,5.722287490199999
1969-01-19,5.7302573138
1969-01-26,5.7382271374
1969-02-02,5.746948783
1969-02-09,5.7477006049999995
1969-02-16,5.748452427
1969-02-23,5.749204249
1969-03-02,5.812489700666666
1969-03-09,5.875023330333333
1969-03-16,5.93755696
1969-03-23,6.000090589666667
1969-03-30,6.062624219333333
1969-04-06,6.2012503634
1969-04-13,6.2773428778
1969-04-20,6.3534353922
1969-04-27,6.4295279066
1969-05-04,6.5606231316
1969-05-11,6.6156258422
1969-05-18,6.670628552799999
1969-05-25,6.7256312633999995
1969-06-01,6.7131893125
1969-06-08,6.645744651
1969-06-15,6.5782999895
1969-06-22,6.510855328
1969-06-29,6.4434106665
1969-07-06,6.378626528200001
1969-07-13,6.3812870514
1969-07-20,6.3839475746000005
1969-07-27,6.3866080978
1969-08-03,6.394364196400001
1969-08-10,6.3994597718
1969-08-17,6.4045553472000005
1969-08-24,6.4096509226
1969-08-31,6.414746498
1969-09-07,6.4987488582
1969-09-14,6.5827512184
1969-09-21,6.6667535786
1969-09-28,6.7507559388
1969-10-05,6.7798279063999995
1969-10-12,6.724897513799999
1969-10-19,6.6699671212
1969-10-26,6.6150367286
1969-11-02,6.535563175799999
1969-11-09,6.5110200156
1969-11-16,6.486476855399999
1969-11-23,6.4619336952
1969-11-30,6.437390535
1969-12-07,6.4303451896
1969-12-14,6.4232998442
1969-12-21,6.4162544988
1969-12-28,6.4092091534
1970-01-04,6.4402050492
1970-01-11,6.4782462904
1970-01-18,6.5162875316
1970-01-25,6.5543287728
1970-02-01,6.6846571966
1970-02-08,6.7769443792
1970-02-15,6.8692315618
1970-02-22,6.9615187444
1970-03-01,7.043687626333333
1970-03-08,7.033569325666667
1970-03-15,7.023451025
1970-03-22,7.013332724333333
1970-03-29,7.003214423666667
1970-04-05,6.958044521
1970-04-12,6.9229929189999995
1970-04-19,6.887941317
1970-04-26,6.852889715
1970-05-03,6.843817436599999
1970-05-10,6.8697967602
1970-05-17,6.8957760837999995
1970-05-24,6.9217554074
1970-05-31,6.947734731
1970-06-07,6.988582753599999
1970-06-14,7.0294307762
1970-06-21,7.0702787987999995
1970-06-28,7.1111268214
1970-07-05,7.1231550091999996
1970-07-12,7.094335174399999
1970-07-19,7.0655153396
1970-07-26,7.0366955048
1970-08-02,7.025708439166666
1970-08-09,7.043541208333333
1970-08-16,7.0613739775
1970-08-23,7.079206746666666
1970-08-30,7.097039515833333
1970-09-06,7.1081504358
1970-09-13,7.1014285866
1970-09-20,7.0947067374
1970-09-27,7.0879848882
1970-10-04,7.0765380822
1970-10-11,7.0718131254
1970-10-18,7.0670881686
1970-10-25,7.0623632118
1970-11-01,7.102635223166667
1970-11-08,7.147632191333333
1970-11-15,7.1926291595
1970-11-22,7.237626127666667
1970-11-29,7.282623095833333
1970-12-06,7.3306323108
1970-12-13,7.3336445576000004
1970-12-20,7.3366568044
1970-12-27,7.3396690512
1971-01-03,7.2771166408
1971-01-10,7.2115519836
1971-01-17,7.1459873264
1971-01-24,7.0804226692
1971-01-31,7.014858012
1971-02-07,6.843544753750001
1971-02-14,6.6722314955
1971-02-21,6.50091823725
1971-02-28,6.329604979
1971-03-07,6.1640056772
1971-03-14,5.9984063754
1971-03-21,5.8328070736
1971-03-28,5.6672077718
1971-04-04,5.4625369348
1971-04-11,5.4234653996
1971-04-18,5.3843938644
1971-04-25,5.3453223292
1971-05-02,5.2652555345000005
1971-05-09,5.224260275
1971-05-16,5.1832650155
1971-05-23,5.142269756
1971-05-30,5.101274496499999
1971-06-06,5.0960633298
1971-06-13,5.1318474226
1971-06-20,5.1676315154
1971-06-27,5.2034156082
1971-07-04,5.2243686002
1971-07-11,5.2095374994000005
1971-07-18,5.1947063986
1971-07-25,5.179875297800001
1971-08-01,5.1231402993333335
1971-08-08,5.081236401666667
1971-08-15,5.039332504000001
1971-08-22,4.997428606333334
1971-08-29,4.955524708666667
1971-09-05,4.8653737104
1971-09-12,4.8171266098
1971-09-19,4.7688795092000005
1971-09-26,4.7206324086
1971-10-03,4.613223565
1971-10-10,4.554061822
1971-10-17,4.494900079
1971-10-24,4.435738336
1971-10-31,4.376576593
1971-11-07,4.2918920542
1971-11-14,4.2072075154
1971-11-21,4.1225229766
1971-11-28,4.0378384378000005
1971-12-05,3.8979747810000003
1971-12-12,3.842795663
1971-12-19,3.787616545
1971-12-26,3.732437427
1972-01-02,3.685762002333333
1972-01-09,3.6942656956666666
1972-01-16,3.702769389
1972-01-23,3.7112730823333333
1972-01-30,3.7197767756666664
1972-02-06,3.7509249686
1972-02-13,3.7735694682
1972-02-20,3.7962139678
1972-02-27,3.8188584673999997
1972-03-05,3.8847856242
1972-03-12,3.9280682814
1972-03-19,3.9713509386
1972-03-26,4.0146335958
1972-04-02,4.0406136072
1972-04-09,4.0233109614
1972-04-16,4.0060083156
1972-04-23,3.9887056698
1972-04-30,3.971403024
1972-05-07,3.9498951028
1972-05-14,3.9283871815999998
1972-05-21,3.9068792604
1972-05-28,3.8853713392
1972-06-04,3.7888087262
1972-06-11,3.7137540344
1972-06-18,3.6386993426000003
1972-06-25,3.5636446508
1972-07-02,3.4850484416666667
1972-07-09,3.4815069243333334
1972-07-16,3.477965407
1972-07-23,3.474423889666667
1972-07-30,3.4708823723333335
1972-08-06,3.4470985004
1972-08-13,3.4268561458
1972-08-20,3.4066137912000003
1972-08-27,3.3863714366
1972-09-03,3.3178485056
1972-09-10,3.2695679292
1972-09-17,3.2212873528
1972-09-24,3.1730067764
1972-10-01,3.159128706833333
1972-10-08,3.1935312136666667
1972-10-15,3.2279337205000003
1972-10-22,3.2623362273333334
1972-10-29,3.2967387341666665
1972-11-05,3.3186201814
1972-11-12,3.3060991218
1972-11-19,3.2935780622
1972-11-26,3.2810570026
1972-12-03,3.2443921162
1972-12-10,3.2202482893999997
1972-12-17,3.1961044626
1972-12-24,3.1719606358
1972-12-31,3.147816809
1973-01-07,3.0868139814
1973-01-14,3.0258111538
1973-01-21,2.9648083262
1973-01-28,2.9038054985999997
1973-02-04,2.8504706858
1973-02-11,2.8581387006
1973-02-18,2.8658067153999998
1973-02-25,2.8734747302
1973-03-04,2.8907890232
1973-03-11,2.9004353014
1973-03-18,2.9100815796
1973-03-25,2.9197278578
1973-04-01,2.9464289608333334
1973-04-08,2.9634837856666665
1973-04-15,2.9805386105
1973-04-22,2.9975934353333336
1973-04-29,3.0146482601666666
1973-05-06,3.0604471094
1973-05-13,3.0891911338
1973-05-20,3.1179351582000003
1973-05-27,3.1466791826000002
1973-06-03,3.1600872992
1973-06-10,3.1447513914000003
1973-06-17,3.1294154836
1973-06-24,3.1140795758
1973-07-01,3.0845063423333334
1973-07-08,3.070269016666667
1973-07-15,3.0560316910000003
1973-07-22,3.0417943653333332
1973-07-29,3.0275570396666667
1973-08-05,3.0751984088
1973-08-12,3.1370771036
1973-08-19,3.1989557984
1973-08-26,3.2608344932
1973-09-02,3.4470921347999997
1973-09-09,3.5714710816
1973-09-16,3.6958500283999998
1973-09-23,3.8202289752
1973-09-30,3.944607922
1973-10-07,4.1087339666
1973-10-14,4.2728600112
1973-10-21,4.436986055799999
1973-10-28,4.6011121004
1973-11-04,4.797749416399999
1973-11-11,4.8302606878
1973-11-18,4.8627719592
1973-11-25,4.8952832306000005
1973-12-02,4.991171998333334
1973-12-09,5.0545494946666665
1973-12-16,5.117926991
1973-12-23,5.181304487333334
1973-12-30,5.244681983666666
1974-01-06,5.4156029692
1974-01-13,5.5231464584
1974-01-20,5.6306899476
1974-01-27,5.7382334368
1974-02-03,5.934929164
1974-02-10,6.024081402
1974-02-17,6.11323364
1974-02-24,6.202385878
1974-03-03,6.3964630393999995
1974-03-10,6.5013879628
1974-03-17,6.6063128862
1974-03-24,6.7112378096
1974-03-31,6.816162733
1974-04-07,6.8738744176
1974-04-14,6.9315861022
1974-04-21,6.9892977868
1974-04-28,7.0470094714
1974-05-05,7.2294400458
1974-05-12,7.3541589356
1974-05-19,7.4788778254
1974-05-26,7.6035967152
1974-06-02,7.9059263522
1974-06-09,8.0835370994
1974-06-16,8.2611478466
1974-06-23,8.4387585938
1974-06-30,8.616369341
1974-07-07,8.7984944376
1974-07-14,8.9806195342
1974-07-21,9.1627446308
1974-07-28,9.3448697274
1974-08-04,9.642238065
1974-08-11,9.757481306
1974-08-18,9.872724547
1974-08-25,9.987967788
1974-09-01,10.184860875166667
1974-09-08,10.266510721333333
1974-09-15,10.348160567499999
1974-09-22,10.429810413666667
1974-09-29,10.511460259833333
1974-10-06,10.586781697
1974-10-13,10.580453288
1974-10-20,10.574124879
1974-10-27,10.56779647
1974-11-03,10.6463198826
1974-11-10,10.7311717042
1974-11-17,10.8160235258
1974-11-24,10.9008753474
1974-12-01,11.070779793333333
1974-12-08,11.155832417666668
1974-12-15,11.240885042
1974-12-22,11.325937666333333
1974-12-29,11.410990290666668
1975-01-05,11.5217100448
1975-01-12,11.547377174600001
1975-01-19,11.5730443044
1975-01-26,11.5987114342
1975-02-02,11.656329922600001
1975-02-09,11.6882812812
1975-02-16,11.7202326398
1975-02-23,11.7521839984
1975-03-02,11.749077540166667
1975-03-09,11.714019723333333
1975-03-16,11.6789619065
1975-03-23,11.643904089666668
1975-03-30,11.608846272833334
1975-04-06,11.598701118000001
1975-04-13,11.623613780000001
1975-04-20,11.648526442
1975-04-27,11.673439104
1975-05-04,11.5440676758
1975-05-11,11.3897835856
1975-05-18,11.2354994954
1975-05-25,11.0812154052
1975-06-01,10.844604719
1975-06-08,10.762278123
1975-06-15,10.679951527
1975-06-22,10.597624930999999
1975-06-29,10.515298334999999
1975-07-06,10.2998636772
1975-07-13,10.1667556154
1975-07-20,10.0336475536
1975-07-27,9.9005394918
1975-08-03,9.5980631294
1975-08-10,9.4286948288
1975-08-17,9.2593265282
1975-08-24,9.0899582276
1975-08-31,8.920589927
1975-09-07,8.8405561746
1975-09-14,8.7605224222
1975-09-21,8.6804886698
1975-09-28,8.6004549174
1975-10-05,8.438254437
1975-10-12,8.356087709
1975-10-19,8.273920981
1975-10-26,8.191754253000001
1975-11-02,8.106261978200001
1975-11-09,8.1029364314
1975-11-16,8.0996108846
1975-11-23,8.0962853378
1975-11-30,8.092959791
1975-12-07,8.0114056534
1975-12-14,7.9298515158
1975-12-21,7.8482973782
1975-12-28,7.7667432406
1976-01-04,7.6863597596
1976-01-11,7.6875304162
1976-01-18,7.6887010728
1976-01-25,7.6898717294
1976-02-01,7.6275671598
1976-02-08,7.5640919336
1976-02-15,7.5006167074
1976-02-22,7.4371414812
1976-02-29,7.373666255
1976-03-07,7.3658957418
1976-03-14,7.3581252286
1976-03-21,7.3503547154
1976-03-28,7.342584202199999
1976-04-04,7.2373429958
1976-04-11,7.1398723026
1976-04-18,7.0424016094
1976-04-25,6.9449309162
1976-05-02,6.867198035333333
1976-05-09,6.886935847666667
1976-05-16,6.90667366
1976-05-23,6.926411472333333
1976-05-30,6.946149284666667
1976-06-06,6.946913079200001
1976-06-13,6.9279390614
1976-06-20,6.9089650436
1976-06-27,6.8899910258
1976-07-04,6.9145323618
1976-07-11,6.9580477156
1976-07-18,7.0015630693999995
1976-07-25,7.0450784232
1976-08-01,7.132582576166667
1976-08-08,7.176571375333333
1976-08-15,7.2205601745
1976-08-22,7.264548973666667
1976-08-29,7.308537772833334
1976-09-05,7.3004579568
1976-09-12,7.2483893416
1976-09-19,7.1963207264
1976-09-26,7.1442521112
1976-10-03,7.0494215834
1976-10-10,7.0066596707999995
1976-10-17,6.9638977582
1976-10-24,6.921135845599999
1976-10-31,6.878373933
1976-11-07,6.8251449552
1976-11-14,6.7719159774
1976-11-21,6.7186869996
1976-11-28,6.6654580218
1976-12-05,6.5291187628000005
1976-12-12,6.4460084816
1976-12-19,6.3628982004
1976-12-26,6.2797879191999995
1977-01-02,6.172049395833334
1977-01-09,6.1474211536666665
1977-01-16,6.1227929114999995
1977-01-23,6.098164669333333
1977-01-30,6.073536427166667
1977-02-06,6.049589372
1977-02-13,6.050270559
1977-02-20,6.050951746
1977-02-27,6.0516329330000005
1977-03-06,6.0624289756000005
1977-03-13,6.0725438312
1977-03-20,6.0826586868
1977-03-27,6.0927735424
1977-04-03,6.1984418614
1977-04-10,6.2939953248
1977-04-17,6.3895487882
1977-04-24,6.4851022516
1977-05-01,6.607386669833334
1977-05-08,6.634117624666667
1977-05-15,6.6608485795
1977-05-22,6.6875795343333335
1977-05-29,6.714310489166667
1977-06-05,6.776876626
1977-06-12,6.812711808
1977-06-19,6.84854699
1977-06-26,6.8843821720000005
1977-07-03,6.912404049
1977-07-10,6.904590744
1977-07-17,6.896777439
1977-07-24,6.888964134
1977-07-31,6.881150829
1977-08-07,6.8714550986
1977-08-14,6.8617593682
1977-08-21,6.8520636378
1977-08-28,6.8423679074
1977-09-04,6.8408356134
1977-09-11,6.8489990498
1977-09-18,6.8571624862
1977-09-25,6.865325922599999
1977-10-02,6.886265225
1977-10-09,6.899041091
1977-10-16,6.911816956999999
1977-10-23,6.924592822999999
1977-10-30,6.9373686889999995
1977-11-06,6.9600154696
1977-11-13,6.9698863842
1977-11-20,6.9797572988
1977-11-27,6.9896282134
1977-12-04,7.0723978308
1977-12-11,7.1452965336
1977-12-18,7.218195236400001
1977-12-25,7.2910939392000005
1978-01-01,7.365325154666667
1978-01-08,7.3666576673333335
1978-01-15,7.36799018
1978-01-22,7.369322692666667
1978-01-29,7.370655205333334
1978-02-05,7.3657972696
1978-02-12,7.3596068212
1978-02-19,7.3534163728
1978-02-26,7.3472259244
1978-03-05,7.359549017
1978-03-12,7.378062558
1978-03-19,7.396576099
1978-03-26,7.41508964
1978-04-02,7.429644039799999
1978-04-09,7.425684898599999
1978-04-16,7.4217257574
1978-04-23,7.4177666162
1978-04-30,7.413807475
1978-05-07,7.4597442624
1978-05-14,7.5056810498
1978-05-21,7.5516178372
1978-05-28,7.5975546246
1978-06-04,7.6506259502
1978-06-11,7.6577604884
1978-06-18,7.6648950266
1978-06-25,7.6720295648
1978-07-02,7.718109838833334
1978-07-09,7.7570555746666665
1978-07-16,7.7960013104999994
1978-07-23,7.834947046333333
1978-07-30,7.873892782166667
1978-08-06,7.9655897374
1978-08-13,8.0183409568
1978-08-20,8.0710921762
1978-08-27,8.123843395600002
1978-09-03,8.2565053244
1978-09-10,8.3364160338
1978-09-17,8.4163267432
1978-09-24,8.4962374526
1978-10-01,8.65286773
1978-10-08,8.729587298
1978-10-15,8.806306866
1978-10-22,8.883026434000001
1978-10-29,8.959746002000001
1978-11-05,9.0714774082
1978-11-12,9.1064892464
1978-11-19,9.1415010846
1978-11-26,9.1765129228
1978-12-03,9.180822326
1978-12-10,9.150119891
1978-12-17,9.119417456
1978-12-24,9.088715021
1978-12-31,9.058012586
1979-01-07,9.060513336
1979-01-14,9.063014086
1979-01-21,9.065514836
1979-01-28,9.068015586000001
1979-02-04,9.1706843362
1979-02-11,9.2708523364
1979-02-18,9.3710203366
1979-02-25,9.4711883368
1979-03-04,9.592114102
1979-03-11,9.612871866999999
1979-03-18,9.633629632
1979-03-25,9.654387396999999
1979-04-01,9.715779887
1979-04-08,9.756414612
1979-04-15,9.797049337
1979-04-22,9.837684062
1979-04-29,9.878318787
1979-05-06,9.9516381214
1979-05-13,9.9843227308
1979-05-20,10.0170073402
1979-05-27,10.0496919496
1979-06-03,10.1197358966
1979-06-10,10.1570952342
1979-06-17,10.1944545718
1979-06-24,10.2318139094
1979-07-01,10.3083689375
1979-07-08,10.347564627999999
1979-07-15,10.386760318499999
1979-07-22,10.425956009
1979-07-29,10.4651516995
1979-08-05,10.590629397999999
1979-08-12,10.676911406
1979-08-19,10.763193414
1979-08-26,10.849475422000001
1979-09-02,10.945350534000001
1979-09-09,10.954943638000001
1979-09-16,10.964536742
1979-09-23,10.974129846
1979-09-30,10.98372295
1979-10-07,11.0384351976
1979-10-14,11.0931474452
1979-10-21,11.1478596928
1979-10-28,11.2025719404
1979-11-04,11.3911450138
1979-11-11,11.5250058396
1979-11-18,11.6588666654
1979-11-25,11.7927274912
1979-12-02,12.061188044833333
1979-12-09,12.195787772666668
1979-12-16,12.3303875005
1979-12-23,12.464987228333333
1979-12-30,12.599586956166668
1980-01-06,12.881296496400001
1980-01-13,13.028406308800001
1980-01-20,13.1755161212
1980-01-27,13.3226259336
1980-02-03,13.4956871326
1980-02-10,13.5216385192
1980-02-17,13.5475899058
1980-02-24,13.5735412924
1980-03-02,13.721521803166667
1980-03-09,13.843550927333334
1980-03-16,13.965580051500002
1980-03-23,14.087609175666667
1980-03-30,14.209638299833333
1980-04-06,14.4163749388
1980-04-13,14.5010824536
1980-04-20,14.5857899684
1980-04-27,14.6704974832
1980-05-04,14.8272185654
1980-05-11,14.8992321328
1980-05-18,14.9712457002
1980-05-25,15.0432592676
1980-06-01,15.225088482333334
1980-06-08,15.334904129666667
1980-06-15,15.444719777
1980-06-22,15.554535424333334
1980-06-29,15.664351071666667
1980-07-06,15.4460154228
1980-07-13,15.1178641266
1980-07-20,14.7897128304
1980-07-27,14.4615615342
1980-08-03,13.960400097399999
1980-08-10,13.7873899568
1980-08-17,13.6143798162
1980-08-24,13.4413696756
1980-08-31,13.268359535
1980-09-07,13.2322381574
1980-09-14,13.1961167798
1980-09-21,13.1599954022
1980-09-28,13.123874024600001
1980-10-05,13.0870398682
1980-10-12,13.0863270894
1980-10-19,13.0856143106
1980-10-26,13.0849015318
1980-11-02,13.041471364
1980-11-09,12.998753975
1980-11-16,12.956036586
1980-11-23,12.913319197
1980-11-30,12.870601808
1980-12-07,12.8335318462
1980-12-14,12.7964618844
1980-12-21,12.7593919226
1980-12-28,12.7223219608
1981-01-04,12.5518217134
1981-01-11,12.4183914278
1981-01-18,12.2849611422
1981-01-25,12.151530856599999
1981-02-01,11.8603346954
1981-02-08,11.7025688198
1981-02-15,11.5448029442
1981-02-22,11.3870370686
1981-03-01,11.077616239333334
1981-03-08,10.925961285666666
1981-03-15,10.774306332
1981-03-22,10.622651378333334
1981-03-29,10.470996424666666
1981-04-05,10.1975925036
1981-04-12,10.075843536199999
1981-04-19,9.9540945688
1981-04-26,9.8323456014
1981-05-03,9.689109434
1981-05-10,9.667622234
1981-05-17,9.646135034
1981-05-24,9.624647834
1981-05-31,9.603160634
1981-06-07,9.5249620348
1981-06-14,9.4467634356
1981-06-21,9.368564836400001
1981-06-28,9.2903662372
1981-07-05,9.6173801802
1981-07-12,10.0225927224
1981-07-19,10.4278052646
1981-07-26,10.833017806800001
1981-08-02,11.334982300833333
1981-08-09,11.431734252666667
1981-08-16,11.5284862045
1981-08-23,11.625238156333333
1981-08-30,11.721990108166667
1981-09-06,11.9007863902
1981-09-13,11.9828307204
1981-09-20,12.0648750506
1981-09-27,12.1469193808
1981-10-04,12.0364213514
1981-10-11,11.8438789918
1981-10-18,11.6513366322
1981-10-25,11.4587942726
1981-11-01,11.1425491465
1981-11-08,11.01884638
1981-11-15,10.8951436135
1981-11-22,10.771440847000001
1981-11-29,10.6477380805
1981-12-06,10.390386591
1981-12-13,10.256737868
1981-12-20,10.123089145
1981-12-27,9.989440422
1982-01-03,9.7786020402
1982-01-10,9.701412381399999
1982-01-17,9.6242227226
1982-01-24,9.5470330638
1982-01-31,9.469843405
1982-02-07,9.48733955725
1982-02-14,9.5048357095
1982-02-21,9.52233186175
1982-02-28,9.539828014
1982-03-07,9.409948520199999
1982-03-14,9.2800690264
1982-03-21,9.150189532599999
1982-03-28,9.0203100388
1982-04-04,8.9285694246
1982-04-11,8.966708304199999
1982-04-18,9.0048471838
1982-04-25,9.0429860634
1982-05-02,9.076428291500001
1982-05-09,9.071731640000001
1982-05-16,9.067034988500001
1982-05-23,9.062338337
1982-05-30,9.0576416855
1982-06-06,9.0180031356
1982-06-13,8.983061237200001
1982-06-20,8.9481193388
1982-06-27,8.9131774404
1982-07-04,8.6804656638
1982-07-11,8.4826957856
1982-07-18,8.2849259074
1982-07-25,8.0871560292
1982-08-01,7.796004413166667
1982-08-08,7.702622675333333
1982-08-15,7.6092409375
1982-08-22,7.515859199666667
1982-08-29,7.422477461833333
1982-09-05,7.0591902114
1982-09-12,6.7892846988
1982-09-19,6.5193791862
1982-09-26,6.249473673600001
1982-10-03,5.9794442204000005
1982-10-10,5.9793202798000005
1982-10-17,5.9791963392
1982-10-24,5.9790723986
1982-10-31,5.978948458
1982-11-07,5.8440653594
1982-11-14,5.7091822608
1982-11-21,5.5742991622
1982-11-28,5.4394160635999995
1982-12-05,5.0933474128
1982-12-12,4.8821618606
1982-12-19,4.6709763084
1982-12-26,4.4597907562
1983-01-02,4.2779388285
1983-01-09,4.307272453
1983-01-16,4.336606077500001
1983-01-23,4.365939702
1983-01-30,4.3952733265
1983-02-06,4.4109287718
1983-02-13,4.3972505926
1983-02-20,4.3835724134000005
1983-02-27,4.3698942342
1983-03-06,4.4022391522
1983-03-13,4.4482622494
1983-03-20,4.4942853466
1983-03-27,4.5403084438
1983-04-03,4.5066091304
1983-04-10,4.4268867198
1983-04-17,4.3471643092
1983-04-24,4.2674418986
1983-05-01,4.037311390833334
1983-05-08,3.8869032936666668
1983-05-15,3.7364951965
1983-05-22,3.586087099333333
1983-05-29,3.4356790021666663
1983-06-05,3.1447096042
1983-06-12,3.0041483034
1983-06-19,2.8635870026
1983-06-26,2.7230257018
1983-07-03,2.5400357996
1983-07-10,2.4976071982
1983-07-17,2.4551785968
1983-07-24,2.4127499954
1983-07-31,2.370321394
1983-08-07,2.354906281
1983-08-14,2.339491168
1983-08-21,2.324076055
1983-08-28,2.308660942
1983-09-04,2.3723797358
1983-09-11,2.4515136426
1983-09-18,2.5306475494
1983-09-25,2.6097814562
1983-10-02,2.713677800166667
1983-10-09,2.738440237333333
1983-10-16,2.7632026745
1983-10-23,2.787965111666667
1983-10-30,2.812727548833333
1983-11-06,2.9693129374
1983-11-13,3.1011358888
1983-11-20,3.2329588402
1983-11-27,3.3647817915999996
1983-12-04,3.6883991841999997
1983-12-11,3.8801936254
1983-12-18,4.0719880665999995
1983-12-25,4.2637825078
1984-01-01,4.4581475425
1984-01-08,4.460718136
1984-01-15,4.4632887295
1984-01-22,4.465859323
1984-01-29,4.4684299165
1984-02-05,4.4786485981999995
1984-02-12,4.486296686399999
1984-02-19,4.4939447746
1984-02-26,4.5015928628
1984-03-04,4.5351580636
1984-03-11,4.5610751762
1984-03-18,4.586992288799999
1984-03-25,4.6129094014
1984-04-01,4.6377186943333335
1984-04-08,4.636610874666666
1984-04-15,4.635503055
1984-04-22,4.634395235333334
1984-04-29,4.633287415666667
1984-05-06,4.6445366042
1984-05-13,4.6568936124
1984-05-20,4.6692506206
1984-05-27,4.6816076288
1984-06-03,4.7097810311999995
1984-06-10,4.725597425399999
1984-06-17,4.7414138196
1984-06-24,4.7572302138
1984-07-01,4.79113265
1984-07-08,4.809218692
1984-07-15,4.827304734
1984-07-22,4.8453907759999995
1984-07-29,4.863476818
1984-08-05,4.9088258102
1984-08-12,4.9360887604
1984-08-19,4.9633517106000005
1984-08-26,4.9906146608
1984-09-02,5.0387842314
1984-09-09,5.0596908518
1984-09-16,5.0805974722
1984-09-23,5.1015040926
1984-09-30,5.122410713
1984-10-07,5.1151751476
1984-10-14,5.1079395822
1984-10-21,5.1007040168
1984-10-28,5.093468451400001
1984-11-04,5.0592662606
1984-11-11,5.0322996352
1984-11-18,5.0053330098
1984-11-25,4.9783663844
1984-12-02,4.965309310833334
1984-12-09,4.9792188626666665
1984-12-16,4.9931284145
1984-12-23,5.007037966333334
1984-12-30,5.0209475181666665
1985-01-06,4.970767608
1985-01-13,4.906678146
1985-01-20,4.842588684
1985-01-27,4.778499222
1985-02-03,4.7435462876
1985-02-10,4.7726828152
1985-02-17,4.8018193428
1985-02-24,4.8309558703999995
1985-03-03,4.8781489644
1985-03-10,4.8962055308
1985-03-17,4.9142620972
1985-03-24,4.932318663599999
1985-03-31,4.95037523
1985-04-07,4.908870245799999
1985-04-14,4.8673652616
1985-04-21,4.8258602773999995
1985-04-28,4.7843552932
1985-05-05,4.7991224612
1985-05-12,4.8553946134
1985-05-19,4.9116667656
1985-05-26,4.9679389178
1985-06-02,5.027883095
1985-06-09,5.03155512
1985-06-16,5.0352271449999995
1985-06-23,5.03889917
1985-06-30,5.042571195
1985-07-07,5.0209485854
1985-07-14,4.9993259758
1985-07-21,4.9777033662
1985-07-28,4.9560807566
1985-08-04,4.9338561746
1985-08-11,4.9332542022
1985-08-18,4.9326522298
1985-08-25,4.9320502574
1985-09-01,4.9049162488333335
1985-09-08,4.878384212666667
1985-09-15,4.8518521765
1985-09-22,4.825320140333333
1985-09-29,4.7987881041666665
1985-10-06,4.7932750704
1985-10-13,4.8142940728
1985-10-20,4.8353130752
1985-10-27,4.8563320776
1985-11-03,4.928757329200001
1985-11-10,4.9801635784
1985-11-17,5.0315698276
1985-11-24,5.0829760768
1985-12-01,5.1145562443333334
1985-12-08,5.094730162666667
1985-12-15,5.074904081
1985-12-22,5.055077999333333
1985-12-29,5.035251917666667
1986-01-05,5.0685312576
1986-01-12,5.1216366792
1986-01-19,5.1747421008000005
1986-01-26,5.2278475224
1986-02-02,5.2466134444
1986-02-09,5.2122739448
1986-02-16,5.1779344452
1986-02-23,5.143594945599999
1986-03-02,5.126458889499999
1986-03-09,5.143662333
1986-03-16,5.1608657765
1986-03-23,5.178069219999999
1986-03-30,5.1952726635
1986-04-06,5.240514362
1986-04-13,5.268552617
1986-04-20,5.2965908719999995
1986-04-27,5.324629127
1986-05-04,5.287065335
1986-05-11,5.221463288
1986-05-18,5.155861241
1986-05-25,5.090259194
1986-06-01,5.025028576333334
1986-06-08,5.025400005666667
1986-06-15,5.025771435
1986-06-22,5.026142864333334
1986-06-29,5.026514293666667
1986-07-06,5.0135941678
1986-07-13,5.0003026126000005
1986-07-20,4.9870110574
1986-07-27,4.973719502200001
1986-08-03,4.933033622
1986-08-10,4.9056392970000005
1986-08-17,4.878244972
1986-08-24,4.850850647000001
1986-08-31,4.823456322
1986-09-07,4.8482648710000005
1986-09-14,4.87307342
1986-09-21,4.897881969
1986-09-28,4.922690518
1986-10-05,4.9343317494
1986-10-12,4.9211644318
1986-10-19,4.9079971142
1986-10-26,4.8948297966
1986-11-02,4.8203605446
1986-11-09,4.7590586102
1986-11-16,4.6977566758
1986-11-23,4.636454741400001
1986-11-30,4.575152807
1986-12-07,4.5911043698
1986-12-14,4.6070559326
1986-12-21,4.6230074954
1986-12-28,4.6389590582
1987-01-04,4.6223505044
1987-01-11,4.5897903878
1987-01-18,4.5572302712
1987-01-25,4.5246701546
1987-02-01,4.4840343804
1987-02-08,4.4759587228
1987-02-15,4.467883065200001
1987-02-22,4.4598074076000005
1987-03-01,4.422446100666667
1987-03-08,4.393160451333333
1987-03-15,4.363874802
1987-03-22,4.334589152666667
1987-03-29,4.305303503333334
1987-04-05,4.2950550302
1987-04-12,4.3140922064
1987-04-19,4.3331293826
1987-04-26,4.3521665588
1987-05-03,4.3828654522
1987-05-10,4.3945271694
1987-05-17,4.4061888866
1987-05-24,4.4178506038
1987-05-31,4.429512321
1987-06-07,4.3812067481999994
1987-06-14,4.3329011754
1987-06-21,4.2845956026
1987-06-28,4.2362900298
1987-07-05,4.1861407944
1987-07-12,4.1842971318
1987-07-19,4.1824534691999995
1987-07-26,4.1806098066
1987-08-02,4.197813649666666
1987-08-09,4.2168611553333335
1987-08-16,4.235908661
1987-08-23,4.254956166666666
1987-08-30,4.2740036723333334
1987-09-06,4.2956272066
1987-09-13,4.2982032352
1987-09-20,4.3007792638
1987-09-27,4.3033552924
1987-10-04,4.3161414532
1987-10-11,4.3263515854
1987-10-18,4.3365617175999995
1987-10-25,4.3467718498
1987-11-01,4.352420987666666
1987-11-08,4.3478599933333335
1987-11-15,4.343298999
1987-11-22,4.338738004666666
1987-11-29,4.334177010333334
1987-12-06,4.3220426614
1987-12-13,4.3144693068
1987-12-20,4.3068959522
1987-12-27,4.2993225976
1988-01-03,4.3080461876
1988-01-10,4.3243431322
1988-01-17,4.3406400768
1988-01-24,4.3569370214
1988-01-31,4.373233966
1988-02-07,4.3737128654
1988-02-14,4.3741917648
1988-02-21,4.3746706642
1988-02-28,4.3751495636
1988-03-06,4.3886901434
1988-03-13,4.4017518238
1988-03-20,4.4148135042000005
1988-03-27,4.4278751846
1988-04-03,4.427944324
1988-04-10,4.414951783
1988-04-17,4.401959242
1988-04-24,4.388966701
1988-05-01,4.385420570833333
1988-05-08,4.394866981666667
1988-05-15,4.404313392500001
1988-05-22,4.413759803333334
1988-05-29,4.423206214166667
1988-06-05,4.4807457448
1988-06-12,4.5288388646
1988-06-19,4.576931984400001
1988-06-26,4.625025104200001
1988-07-03,4.6786685052
1988-07-10,4.6842187864
1988-07-17,4.6897690676
1988-07-24,4.6953193488
1988-07-31,4.70086963
1988-08-07,4.6955469469999995
1988-08-14,4.690224263999999
1988-08-21,4.684901581
1988-08-28,4.679578898
1988-09-04,4.6836450668
1988-09-11,4.693033918599999
1988-09-18,4.7024227704
1988-09-25,4.7118116222
1988-10-02,4.7023149585
1988-10-09,4.683429443
1988-10-16,4.6645439275000005
1988-10-23,4.645658412
1988-10-30,4.6267728965
1988-11-06,4.6348905142
1988-11-13,4.6618936474
1988-11-20,4.6888967806
1988-11-27,4.7158999138
1988-12-04,4.7523293758000005
1988-12-11,4.7617557046000005
1988-12-18,4.7711820334
1988-12-25,4.7806083622
1989-01-01,4.783062488
1989-01-08,4.7760902849999995
1989-01-15,4.769118082
1989-01-22,4.762145879
1989-01-29,4.755173676
1989-02-05,4.7552678182
1989-02-12,4.7623341634
1989-02-19,4.7694005085999995
1989-02-26,4.7764668538
1989-03-05,4.7769095488
1989-03-12,4.7702858986
1989-03-19,4.7636622484
1989-03-26,4.7570385982
1989-04-02,4.7240295618
1989-04-09,4.6976441756
1989-04-16,4.6712587894
1989-04-23,4.6448734032
1989-04-30,4.618488017
1989-05-07,4.6433400074
1989-05-14,4.6681919978
1989-05-21,4.6930439881999995
1989-05-28,4.7178959786
1989-06-04,4.7432200192
1989-06-11,4.7436920694
1989-06-18,4.7441641196
1989-06-25,4.7446361698
1989-07-02,4.769891453833333
1989-07-09,4.794674687666666
1989-07-16,4.8194579215
1989-07-23,4.844241155333333
1989-07-30,4.8690243891666665
1989-08-06,4.8858758558
1989-08-13,4.8779440886
1989-08-20,4.8700123214
1989-08-27,4.862080554199999
1989-09-03,4.817297272199999
1989-09-10,4.7804457574
1989-09-17,4.7435942425999995
1989-09-24,4.7067427278
1989-10-01,4.692064907833333
1989-10-08,4.714238602666667
1989-10-15,4.736412297499999
1989-10-22,4.758585992333333
1989-10-29,4.780759687166666
1989-11-05,4.8018604708
1989-11-12,4.8007875596
1989-11-19,4.7997146484
1989-11-26,4.7986417372
1989-12-03,4.803856338
1989-12-10,4.81014385
1989-12-17,4.816431361999999
1989-12-24,4.8227188739999995
1989-12-31,4.829006386
1990-01-07,4.8443867706
1990-01-14,4.8597671552
1990-01-21,4.8751475397999995
1990-01-28,4.8905279244
1990-02-04,4.9082384932
1990-02-11,4.9105686774
1990-02-18,4.9128988616000004
1990-02-25,4.9152290458
1990-03-04,4.972352334
1990-03-11,5.027145438
1990-03-18,5.0819385420000005
1990-03-25,5.136731646
1990-04-01,5.205768185833334
1990-04-08,5.220011621666667
1990-04-15,5.2342550575
1990-04-22,5.248498493333333
1990-04-29,5.262741929166666
1990-05-06,5.2549347798
1990-05-13,5.2328841945999995
1990-05-20,5.2108336094
1990-05-27,5.188783024199999
1990-06-03,5.2075254858
1990-06-10,5.2483185326
1990-06-17,5.289111579399999
1990-06-24,5.329904626199999
1990-07-01,5.3950157195
1990-07-08,5.419333765999999
1990-07-15,5.4436518125
1990-07-22,5.467969859
1990-07-29,5.4922879055
1990-08-05,5.5805389178
1990-08-12,5.6444718836
1990-08-19,5.7084048494
1990-08-26,5.772337815199999
1990-09-02,5.8550886881999995
1990-09-09,5.873906595399999
1990-09-16,5.8927245026
1990-09-23,5.9115424098
1990-09-30,5.930360317
1990-10-07,5.9039894872
1990-10-14,5.8776186574
1990-10-21,5.8512478276
1990-10-28,5.824876997800001
1990-11-04,5.7754265736
1990-11-11,5.7523469792
1990-11-18,5.7292673848
1990-11-25,5.7061877904000005
1990-12-02,5.677772176333333
1990-12-09,5.672436156666667
1990-12-16,5.667100137
1990-12-23,5.661764117333333
1990-12-30,5.656428097666666
1991-01-06,5.6839317442
1991-01-13,5.7167714104
1991-01-20,5.7496110766
1991-01-27,5.7824507428
1991-02-03,5.8247040872
1991-02-10,5.8341177654
1991-02-17,5.8435314436
1991-02-24,5.8529451218
1991-03-03,5.7847439558
1991-03-10,5.7071291116
1991-03-17,5.6295142674
1991-03-24,5.5518994232
1991-03-31,5.474284579
1991-04-07,5.43465975
1991-04-14,5.395034921
1991-04-21,5.3554100920000005
1991-04-28,5.315785263
1991-05-05,5.2654175254
1991-05-12,5.2546746168
1991-05-19,5.2439317082
1991-05-26,5.2331887996
1991-06-02,5.1648875026
1991-06-09,5.1073291142
1991-06-16,5.0497707258
1991-06-23,4.9922123374
1991-06-30,4.934653949
1991-07-07,4.8904052376000005
1991-07-14,4.846156526200001
1991-07-21,4.8019078148
1991-07-28,4.7576591034
1991-08-04,4.6493472152
1991-08-11,4.5852840384
1991-08-18,4.5212208616
1991-08-25,4.4571576848
1991-09-01,4.401511222166667
1991-09-08,4.409927936333333
1991-09-15,4.4183446505
1991-09-22,4.426761364666667
1991-09-29,4.435178078833333
1991-10-06,4.4126742322
1991-10-13,4.3817536714
1991-10-20,4.3508331106
1991-10-27,4.319912549800001
1991-11-03,4.3011291052
1991-11-10,4.3132662214
1991-11-17,4.3254033376
1991-11-24,4.3375404538
1991-12-01,4.349225919
1991-12-08,4.348774268
1991-12-15,4.348322617
1991-12-22,4.347870966
1991-12-29,4.347419315
1992-01-05,4.2880358804
1992-01-12,4.2291040967999995
1992-01-19,4.1701723132
1992-01-26,4.1112405296
1992-02-02,4.0142000096
1992-02-09,3.9760912731999998
1992-02-16,3.9379825368
1992-02-23,3.8998738004
1992-03-01,3.880778262
1992-03-08,3.89979146
1992-03-15,3.918804658
1992-03-22,3.937817856
1992-03-29,3.956831054
1992-04-05,3.9939631562
1992-04-12,4.0120820604
1992-04-19,4.0302009646
1992-04-26,4.0483198688
1992-05-03,4.0384331242
1992-05-10,4.0104274754
1992-05-17,3.9824218266
1992-05-24,3.9544161777999998
1992-05-31,3.926410529
1992-06-07,3.913166135
1992-06-14,3.899921741
1992-06-21,3.886677347
1992-06-28,3.873432953
1992-07-05,3.8420243806
1992-07-12,3.8238602022
1992-07-19,3.8056960238
1992-07-26,3.7875318454
1992-08-02,3.7458264033333335
1992-08-09,3.7222851396666665
1992-08-16,3.698743876
1992-08-23,3.6752026123333335
1992-08-30,3.6516613486666665
1992-09-06,3.5723436187999997
1992-09-13,3.5165671526
1992-09-20,3.4607906863999998
1992-09-27,3.4050142202
1992-10-04,3.4065731232
1992-10-11,3.4639084924
1992-10-18,3.5212438616
1992-10-25,3.5785792308
1992-11-01,3.6348404575
1992-11-08,3.633766315
1992-11-15,3.6326921725
1992-11-22,3.6316180300000003
1992-11-29,3.6305438875
1992-12-06,3.5992283072
1992-12-13,3.5689868694
1992-12-20,3.5387454315999998
1992-12-27,3.5085039937999998
1993-01-03,3.4883010665999996
1993-01-10,3.4983395772
1993-01-17,3.5083780877999997
1993-01-24,3.5184165984
1993-01-31,3.528455109
1993-02-07,3.5368047787499997
1993-02-14,3.5451544485
1993-02-21,3.5535041182500002
1993-02-28,3.561853788
1993-03-07,3.516368659
1993-03-14,3.47088353
1993-03-21,3.425398401
1993-03-28,3.379913272
1993-04-04,3.3483900801999997
1993-04-11,3.3623520173999997
1993-04-18,3.3763139546
1993-04-25,3.3902758918
1993-05-02,3.425654306
1993-05-09,3.447070783
1993-05-16,3.46848726
1993-05-23,3.489903737
1993-05-30,3.5113202140000004
1993-06-06,3.5400547418
1993-06-13,3.5473727926
1993-06-20,3.5546908434
1993-06-27,3.5620088942
1993-07-04,3.5399848988
1993-07-11,3.5106428525999998
1993-07-18,3.4813008064
1993-07-25,3.4519587602
1993-08-01,3.4369823878333334
1993-08-08,3.4513480616666667
1993-08-15,3.4657137355
1993-08-22,3.4800794093333334
1993-08-29,3.4944450831666667
1993-09-05,3.535525344
1993-09-12,3.562239931
1993-09-19,3.588954518
1993-09-26,3.6156691050000003
1993-10-03,3.5988544086000003
1993-10-10,3.5553251252
1993-10-17,3.5117958418
1993-10-24,3.4682665584
1993-10-31,3.424737275
1993-11-07,3.4270452392
1993-11-14,3.4293532034
1993-11-21,3.4316611676
1993-11-28,3.4339691318
1993-12-05,3.45871686
1993-12-12,3.481156624
1993-12-19,3.503596388
1993-12-26,3.526036152
1994-01-02,3.5196899126666668
1994-01-09,3.4909039093333334
1994-01-16,3.462117906
1994-01-23,3.4333319026666667
1994-01-30,3.4045458993333333
1994-02-06,3.3837919936
1994-02-13,3.3918240912
1994-02-20,3.3998561888
1994-02-27,3.4078882864
1994-03-06,3.4467664958
1994-03-13,3.4776126076
1994-03-20,3.5084587194
1994-03-27,3.5393048312
1994-04-03,3.5270002637999998
1994-04-10,3.4838495845999997
1994-04-17,3.4406989054
1994-04-24,3.3975482262
1994-05-01,3.332920103666667
1994-05-08,3.3114426603333333
1994-05-15,3.2899652169999998
1994-05-22,3.2684877736666667
1994-05-29,3.2470103303333335
1994-06-05,3.2193740086
1994-06-12,3.2132151302
1994-06-19,3.2070562518
1994-06-26,3.2008973734
1994-07-03,3.2025668254
1994-07-10,3.2103951558
1994-07-17,3.2182234862
1994-07-24,3.2260518166
1994-07-31,3.233880147
1994-08-07,3.2484469348
1994-08-14,3.2630137225999998
1994-08-21,3.2775805104
1994-08-28,3.2921472981999997
1994-09-04,3.2962275976
1994-09-11,3.2857411092
1994-09-18,3.2752546208
1994-09-25,3.2647681324
1994-10-02,3.2392787515
1994-10-09,3.224275859
1994-10-16,3.2092729665000004
1994-10-23,3.1942700740000003
1994-10-30,3.1792671815
1994-11-06,3.1570678670000003
1994-11-13,3.149871445
1994-11-20,3.1426750230000002
1994-11-27,3.135478601
1994-12-04,3.0829150586000003
1994-12-11,3.0375479382000004
1994-12-18,2.9921808178
1994-12-25,2.9468136974
1995-01-01,2.9419056196666666
1995-01-08,2.9823646623333335
1995-01-15,3.0228237050000004
1995-01-22,3.063282747666667
1995-01-29,3.1037417903333333
1995-02-05,3.1401806894
1995-02-12,3.1361605458
1995-02-19,3.1321404022
1995-02-26,3.1281202586
1995-03-05,3.1327763258
1995-03-12,3.1414525366
1995-03-19,3.1501287474
1995-03-26,3.1588049582
1995-04-02,3.1953218646000003
1995-04-09,3.2231625602
1995-04-16,3.2510032558
1995-04-23,3.2788439514
1995-04-30,3.306684647
1995-05-07,3.3164066222
1995-05-14,3.3261285974
1995-05-21,3.3358505726
1995-05-28,3.3455725478
1995-06-04,3.350692314
1995-06-11,3.346090105
1995-06-18,3.341487896
1995-06-25,3.336885687
1995-07-02,3.341394394
1995-07-09,3.35050531
1995-07-16,3.359616226
1995-07-23,3.368727142
1995-07-30,3.377838058
1995-08-06,3.3571873972
1995-08-13,3.3274258204000002
1995-08-20,3.2976642436
1995-08-27,3.2679026668
1995-09-03,3.2608523764
1995-09-10,3.2835636628
1995-09-17,3.3062749492
1995-09-24,3.3289862356
1995-10-01,3.370433945
1995-10-08,3.389170368
1995-10-15,3.407906791
1995-10-22,3.426643214
1995-10-29,3.445379637
1995-11-05,3.447284978
1995-11-12,3.430453896
1995-11-19,3.413622814
1995-11-26,3.396791732
1995-12-03,3.3799344174
1995-12-10,3.3799081848
1995-12-17,3.3798819522
1995-12-24,3.3798557196
1995-12-31,3.379829487
1996-01-07,3.3592786024
1996-01-14,3.3387277178
1996-01-21,3.3181768332
1996-01-28,3.2976259486
1996-02-04,3.273647301
1996-02-11,3.270219538
1996-02-18,3.2667917749999997
1996-02-25,3.263364012
1996-03-03,3.2348491966
1996-03-10,3.2097621442
1996-03-17,3.1846750918
1996-03-24,3.1595880394
1996-03-31,3.134500987
1996-04-07,3.1085564102
1996-04-14,3.0826118334
1996-04-21,3.0566672566
1996-04-28,3.0307226798
1996-05-05,3.0133769268
1996-05-12,3.0219757506
1996-05-19,3.0305745744
1996-05-26,3.0391733982
1996-06-02,3.0485747052
1996-06-09,3.0493771884
1996-06-16,3.0501796716
1996-06-23,3.0509821548
1996-06-30,3.051784638
1996-07-07,3.0589120194
1996-07-14,3.0660394008000003
1996-07-21,3.0731667822
1996-07-28,3.0802941636
1996-08-04,3.0866318962
1996-08-11,3.0858422474
1996-08-18,3.0850525986000004
1996-08-25,3.0842629498000003
1996-09-01,3.0800761186666668
1996-09-08,3.0766789363333333
1996-09-15,3.073281754
1996-09-22,3.069884571666667
1996-09-29,3.0664873893333335
1996-10-06,3.0392205288
1996-10-13,3.0153508506
1996-10-20,2.9914811724000003
1996-10-27,2.9676114942000003
1996-11-03,2.9510715354
1996-11-10,2.9584012548
1996-11-17,2.9657309742
1996-11-24,2.9730606936
1996-12-01,2.9930623391666664
1996-12-08,3.0057342653333334
1996-12-15,3.0184061915
1996-12-22,3.0310781176666666
1996-12-29,3.0437500438333336
1997-01-05,3.027620606
1997-01-12,2.998819242
1997-01-19,2.970017878
1997-01-26,2.941216514
1997-02-02,2.8904251006000004
1997-02-09,2.8684350512
1997-02-16,2.8464450018000003
1997-02-23,2.8244549524
1997-03-02,2.8111554318333334
1997-03-09,2.8198459606666666
1997-03-16,2.8285364895000003
1997-03-23,2.8372270183333335
1997-03-30,2.8459175471666667
1997-04-06,2.8658705356
1997-04-13,2.8771329951999998
1997-04-20,2.8883954548
1997-04-27,2.8996579143999996
1997-05-04,2.9027769277999997
1997-05-11,2.8946334815999997
1997-05-18,2.8864900354
1997-05-25,2.8783465892
1997-06-01,2.8632435518333335
1997-06-08,2.8562839606666666
1997-06-15,2.8493243694999997
1997-06-22,2.8423647783333332
1997-06-29,2.835405187166667
1997-07-06,2.8132043292
1997-07-13,2.7979630624
1997-07-20,2.7827217955999997
1997-07-27,2.7674805287999997
1997-08-03,2.7325255642
1997-08-10,2.7128118664
1997-08-17,2.6930981685999997
1997-08-24,2.6733844708
1997-08-31,2.653670773
1997-09-07,2.6318974706
1997-09-14,2.6101241682
1997-09-21,2.5883508658
1997-09-28,2.5665775634
1997-10-05,2.5596235518
1997-10-12,2.5744428426
1997-10-19,2.5892621334
1997-10-26,2.6040814242
1997-11-02,2.6048367318
1997-11-09,2.5907727486
1997-11-16,2.5767087654
1997-11-23,2.5626447822
1997-11-30,2.548580799
1997-12-07,2.5631717635999998
1997-12-14,2.5777627281999997
1997-12-21,2.5923536928
1997-12-28,2.6069446574
1998-01-04,2.6318641030000003
1998-01-11,2.642192584
1998-01-18,2.652521065
1998-01-25,2.662849546
1998-02-01,2.6768529326
1998-02-08,2.6805278382
1998-02-15,2.6842027438
1998-02-22,2.6878776494
1998-03-01,2.6883445068333334
1998-03-08,2.6851364586666664
1998-03-15,2.6819284105
1998-03-22,2.6787203623333333
1998-03-29,2.6755123141666663
1998-04-05,2.665942982
1998-04-12,2.6595816979999998
1998-04-19,2.653220414
1998-04-26,2.64685913
1998-05-03,2.634664683
1998-05-10,2.62883152
1998-05-17,2.622998357
1998-05-24,2.617165194
1998-05-31,2.611332031
1998-06-07,2.6091065198
1998-06-14,2.6068810086
1998-06-21,2.6046554974
1998-06-28,2.6024299861999998
1998-07-05,2.6008307694
1998-07-12,2.6014570638
1998-07-19,2.6020833582000003
1998-07-26,2.6027096526
1998-08-02,2.6084436455
1998-08-09,2.613551344
1998-08-16,2.6186590425
1998-08-23,2.623766741
1998-08-30,2.6288744395
1998-09-06,2.6260293068
1998-09-13,2.6180764756
1998-09-20,2.6101236443999998
1998-09-27,2.6021708132
1998-10-04,2.582385653
1998-10-11,2.570553324
1998-10-18,2.558720995
1998-10-25,2.546888666
1998-11-01,2.533143898
1998-11-08,2.531231459
1998-11-15,2.52931902
1998-11-22,2.527406581
1998-11-29,2.525494142
1998-12-06,2.5064299624
1998-12-13,2.4892782218
1998-12-20,2.4721264812
1998-12-27,2.4549747406
1999-01-03,2.4268815999999998
1999-01-10,2.4159401999999996
1999-01-17,2.4049988
1999-01-24,2.3940574
1999-01-31,2.383116
1999-02-07,2.3663955
1999-02-14,2.349675
1999-02-21,2.3329545
1999-02-28,2.316234
1999-03-07,2.3004886
1999-03-14,2.2847432
1999-03-21,2.2689978
1999-03-28,2.2532524
1999-04-04,2.235324
1999-04-11,2.233141
1999-04-18,2.230958
1999-04-25,2.228775
1999-05-02,2.214379666666667
1999-05-09,2.2021673333333336
1999-05-16,2.1899550000000003
1999-05-23,2.1777426666666666
1999-05-30,2.1655303333333333
1999-06-06,2.1367072
1999-06-13,2.1200964
1999-06-20,2.1034856
1999-06-27,2.0868748
1999-07-04,2.07844
1999-07-11,2.086616
1999-07-18,2.094792
1999-07-25,2.1029679999999997
1999-08-01,2.1084264999999998
1999-08-08,2.105709
1999-08-15,2.1029915
1999-08-22,2.1002739999999998
1999-08-29,2.0975565
1999-09-05,2.0900204
1999-09-12,2.0852018
1999-09-19,2.0803832
1999-09-26,2.0755646000000003
1999-10-03,2.0665208
1999-10-10,2.0622956
1999-10-17,2.0580704
1999-10-24,2.0538452
1999-10-31,2.04962
1999-11-07,2.0692602
1999-11-14,2.0889004
1999-11-21,2.1085406
1999-11-28,2.1281808
1999-12-05,2.1518264
1999-12-12,2.1558318
1999-12-19,2.1598372
1999-12-26,2.1638426
2000-01-02,2.195793166666667
2000-01-09,2.2237383333333334
2000-01-16,2.2516835000000004
2000-01-23,2.279628666666667
2000-01-30,2.3075738333333335
2000-02-06,2.3442594
2000-02-13,2.3529998
2000-02-20,2.3617402
2000-02-27,2.3704806
2000-03-05,2.400034
2000-03-12,2.4208469999999997
2000-03-19,2.44166
2000-03-26,2.462473
2000-04-02,2.4684766000000002
2000-04-09,2.4536672
2000-04-16,2.4388578
2000-04-23,2.4240483999999998
2000-04-30,2.409239
2000-05-07,2.4391206
2000-05-14,2.4690022
2000-05-21,2.4988838
2000-05-28,2.5287654
2000-06-04,2.587216
2000-06-11,2.6157850000000002
2000-06-18,2.644354
2000-06-25,2.672923
2000-07-02,2.703405
2000-07-09,2.705318
2000-07-16,2.707231
2000-07-23,2.7091439999999998
2000-07-30,2.711057
2000-08-06,2.7453396
2000-08-13,2.7777092
2000-08-20,2.8100788
2000-08-27,2.8424484
2000-09-03,2.8792708
2000-09-10,2.8837236
2000-09-17,2.8881764
2000-09-24,2.8926292
2000-10-01,2.9008918333333336
2000-10-08,2.904701666666667
2000-10-15,2.9085115000000004
2000-10-22,2.9123213333333333
2000-10-29,2.9161311666666667
2000-11-05,2.9099818
2000-11-12,2.9000226000000002
2000-11-19,2.8900634
2000-11-26,2.8801042
2000-12-03,2.8905338
2000-12-10,2.9109226
2000-12-17,2.9313114
2000-12-24,2.9517002
2000-12-31,2.972089
2001-01-07,2.9533648
2001-01-14,2.9346406
2001-01-21,2.9159164
2001-01-28,2.8971921999999997
2001-02-04,2.8987228
2001-02-11,2.9189776
2001-02-18,2.9392324
2001-02-25,2.9594872
2001-03-04,2.9761708
2001-03-11,2.9725995999999997
2001-03-18,2.9690284
2001-03-25,2.9654572
2001-04-01,2.9834236666666665
2001-04-08,3.004961333333333
2001-04-15,3.026499
2001-04-22,3.0480366666666665
2001-04-29,3.069574333333333
2001-05-06,3.0876916
2001-05-13,3.0842712
2001-05-20,3.0808508
2001-05-27,3.0774304
2001-06-03,3.0993318
2001-06-10,3.1246536
2001-06-17,3.1499754
2001-06-24,3.1752972
2001-07-01,3.201817666666667
2001-07-08,3.2030163333333332
2001-07-15,3.204215
2001-07-22,3.205413666666667
2001-07-29,3.206612333333333
2001-08-05,3.2165914
2001-08-12,3.2253718
2001-08-19,3.2341522
2001-08-26,3.2429326
2001-09-02,3.2791196
2001-09-09,3.3065262
2001-09-16,3.3339328
2001-09-23,3.3613394
2001-09-30,3.388746
2001-10-07,3.40781
2001-10-14,3.4268739999999998
2001-10-21,3.445938
2001-10-28,3.4650019999999997
2001-11-04,3.5076526
2001-11-11,3.5312392
2001-11-18,3.5548258
2001-11-25,3.5784124
2001-12-02,3.5958193333333335
2001-12-09,3.589639666666667
2001-12-16,3.58346
2001-12-23,3.5772803333333334
2001-12-30,3.5711006666666667
2002-01-06,3.5634294
2002-01-13,3.5619378
2002-01-20,3.5604462
2002-01-27,3.5589546
2002-02-03,3.5514576
2002-02-10,3.5454521999999997
2002-02-17,3.5394468
2002-02-24,3.5334413999999996
2002-03-03,3.5156448
2002-03-10,3.5038536
2002-03-17,3.4920624
2002-03-24,3.4802712
2002-03-31,3.46848
2002-04-07,3.4679484
2002-04-14,3.4674168
2002-04-21,3.4668852
2002-04-28,3.4663536
2002-05-05,3.4630840000000003
2002-05-12,3.4603460000000004
2002-05-19,3.457608
2002-05-26,3.45487
2002-06-02,3.410044
2002-06-09,3.367956
2002-06-16,3.3258680000000003
2002-06-23,3.28378
2002-06-30,3.241692
2002-07-07,3.2460948
2002-07-14,3.2504976
2002-07-21,3.2549004
2002-07-28,3.2593032
2002-08-04,3.2402838
2002-08-11,3.2168616
2002-08-18,3.1934394
2002-08-25,3.1700172
2002-09-01,3.126596833333333
2002-09-08,3.1065986666666667
2002-09-15,3.0866005000000003
2002-09-22,3.0666023333333334
2002-09-29,3.0466041666666666
2002-10-06,3.0087236
2002-10-13,2.9908412
2002-10-20,2.9729588
2002-10-27,2.9550764
2002-11-03,2.9146196
2002-11-10,2.8920452
2002-11-17,2.8694707999999998
2002-11-24,2.8468964
2002-12-01,2.8189623333333333
2002-12-08,2.8136026666666667
2002-12-15,2.808243
2002-12-22,2.8028833333333334
2002-12-29,2.7975236666666667
2003-01-05,2.7893630000000003
2003-01-12,2.786562
2003-01-19,2.783761
2003-01-26,2.78096
2003-02-02,2.7616512
2003-02-09,2.7451434
2003-02-16,2.7286356
2003-02-23,2.7121277999999998
2003-03-02,2.6828724999999998
2003-03-09,2.670125
2003-03-16,2.6573775
2003-03-23,2.64463
2003-03-30,2.6318825
2003-04-06,2.5854226
2003-04-13,2.5517102
2003-04-20,2.5179978
2003-04-27,2.4842854
2003-05-04,2.428176
2003-05-11,2.405779
2003-05-18,2.383382
2003-05-25,2.360985
2003-06-01,2.3257728333333336
2003-06-08,2.3129576666666667
2003-06-15,2.3001424999999998
2003-06-22,2.2873273333333333
2003-06-29,2.274512166666667
2003-07-06,2.255001
2003-07-13,2.2483049999999998
2003-07-20,2.241609
2003-07-27,2.2349129999999997
2003-08-03,2.213631
2003-08-10,2.199045
2003-08-17,2.184459
2003-08-24,2.169873
2003-08-31,2.155287
2003-09-07,2.1590918
2003-09-14,2.1628966
2003-09-21,2.1667014
2003-09-28,2.1705061999999997
2003-10-05,2.169585
2003-10-12,2.164859
2003-10-19,2.160133
2003-10-26,2.155407
2003-11-02,2.125736
2003-11-09,2.100791
2003-11-16,2.075846
2003-11-23,2.050901
2003-11-30,2.025956
2003-12-07,2.0143182
2003-12-14,2.0026804
2003-12-21,1.9910425999999999
2003-12-28,1.9794048
2004-01-04,1.9641762
2004-01-11,1.9605854
2004-01-18,1.9569946
2004-01-25,1.9534038
2004-02-01,1.9672818
2004-02-08,1.9847506000000001
2004-02-15,2.0022194
2004-02-22,2.0196882
2004-02-29,2.037157
2004-03-07,2.0550390000000003
2004-03-14,2.072921
2004-03-21,2.090803
2004-03-28,2.108685
2004-04-04,2.1508302
2004-04-11,2.1750934
2004-04-18,2.1993565999999998
2004-04-25,2.2236198
2004-05-02,2.2446711666666666
2004-05-09,2.2414593333333332
2004-05-16,2.2382475
2004-05-23,2.2350356666666666
2004-05-30,2.2318238333333333
2004-06-06,2.2570482
2004-06-13,2.2854844
2004-06-20,2.3139206
2004-06-27,2.3423568
2004-07-04,2.3476338
2004-07-11,2.3244746
2004-07-18,2.3013154
2004-07-25,2.2781561999999997
2004-08-01,2.254109333333333
2004-08-08,2.2532216666666667
2004-08-15,2.2523340000000003
2004-08-22,2.2514463333333334
2004-08-29,2.2505586666666666
2004-09-05,2.2461208000000004
2004-09-12,2.2425706
2004-09-19,2.2390204000000002
2004-09-26,2.2354702
2004-10-03,2.2314026
2004-10-10,2.2308852
2004-10-17,2.2303678000000002
2004-10-24,2.2298504
2004-10-31,2.229333
2004-11-07,2.2422258
2004-11-14,2.2551186
2004-11-21,2.2680114000000002
2004-11-28,2.2809042
2004-12-05,2.2958752000000002
2004-12-12,2.2979534
2004-12-19,2.3000316
2004-12-26,2.3021097999999998
2005-01-02,2.3049626666666665
2005-01-09,2.305737333333333
2005-01-16,2.3065119999999997
2005-01-23,2.3072866666666667
2005-01-30,2.3080613333333333
2005-02-06,2.302898
2005-02-13,2.29696
2005-02-20,2.291022
2005-02-27,2.285084
2005-03-06,2.2710475999999997
2005-03-13,2.2629492
2005-03-20,2.2548508
2005-03-27,2.2467524
2005-04-03,2.2372906
2005-04-10,2.2359272
2005-04-17,2.2345638
2005-04-24,2.2332004
2005-05-01,2.2515826666666667
2005-05-08,2.2713283333333334
2005-05-15,2.291074
2005-05-22,2.3108196666666667
2005-05-29,2.3305653333333334
2005-06-05,2.3184504
2005-06-12,2.2865898000000002
2005-06-19,2.2547292
2005-06-26,2.2228686
2005-07-03,2.2113206
2005-07-10,2.2316332
2005-07-17,2.2519458
2005-07-24,2.2722584
2005-07-31,2.292571
2005-08-07,2.2854176
2005-08-14,2.2782642
2005-08-21,2.2711107999999998
2005-08-28,2.2639574
2005-09-04,2.270746
2005-09-11,2.284688
2005-09-18,2.2986299999999997
2005-09-25,2.312572
2005-10-02,2.325131333333333
2005-10-09,2.3237486666666665
2005-10-16,2.3223659999999997
2005-10-23,2.3209833333333334
2005-10-30,2.3196006666666666
2005-11-06,2.3395566
2005-11-13,2.3608952
2005-11-20,2.3822338
2005-11-27,2.4035724
2005-12-04,2.4325372
2005-12-11,2.4401634
2005-12-18,2.4477896
2005-12-25,2.4554158
2006-01-01,2.4600043333333335
2006-01-08,2.4569666666666667
2006-01-15,2.453929
2006-01-22,2.4508913333333333
2006-01-29,2.4478536666666666
2006-02-05,2.4544403999999997
2006-02-12,2.4640648
2006-02-19,2.4736892
2006-02-26,2.4833136000000002
2006-03-05,2.5094202
2006-03-12,2.5259024
2006-03-19,2.5423846
2006-03-26,2.5588668
2006-04-02,2.5953372
2006-04-09,2.6153254
2006-04-16,2.6353136
2006-04-23,2.6553018
2006-04-30,2.67529
2006-05-07,2.6959132
2006-05-14,2.7165364
2006-05-21,2.7371596
2006-05-28,2.7577827999999998
2006-06-04,2.8285816
2006-06-11,2.8787572
2006-06-18,2.9289328
2006-06-25,2.9791084
2006-07-02,3.0392678333333336
2006-07-09,3.0492516666666667
2006-07-16,3.0592354999999998
2006-07-23,3.0692193333333333
2006-07-30,3.079203166666667
2006-08-06,3.1153298
2006-08-13,3.1414726
2006-08-20,3.1676154
2006-08-27,3.1937582
2006-09-03,3.2173316
2006-09-10,3.2147622
2006-09-17,3.2121928
2006-09-24,3.2096234
2006-10-01,3.220206333333333
2006-10-08,3.2333586666666667
2006-10-15,3.246511
2006-10-22,3.259663333333333
2006-10-29,3.272815666666667
2006-11-05,3.2570248
2006-11-12,3.2280816
2006-11-19,3.1991384000000003
2006-11-26,3.1701952
2006-12-03,3.1361816
2006-12-10,3.1311112
2006-12-17,3.1260408
2006-12-24,3.1209704
2006-12-31,3.1159
2007-01-07,3.1200668
2007-01-14,3.1242336
2007-01-21,3.1284004
2007-01-28,3.1325672
2007-02-04,3.1398728
2007-02-11,3.1430116
2007-02-18,3.1461504000000002
2007-02-25,3.1492892
2007-03-04,3.14192
2007-03-11,3.131412
2007-03-18,3.120904
2007-03-25,3.110396
2007-04-01,3.076150833333333
2007-04-08,3.052413666666667
2007-04-15,3.0286765
2007-04-22,3.004939333333333
2007-04-29,2.981202166666667
2007-05-06,2.9208118
2007-05-13,2.8841586
2007-05-20,2.8475053999999997
2007-05-27,2.8108522
2007-06-03,2.743702
2007-06-10,2.713205
2007-06-17,2.682708
2007-06-24,2.652211
2007-07-01,2.6056486666666667
2007-07-08,2.589583333333333
2007-07-15,2.573518
2007-07-22,2.557452666666667
2007-07-29,2.541387333333333
2007-08-05,2.5120904
2007-08-12,2.4988588
2007-08-19,2.4856272
2007-08-26,2.4723956
2007-09-02,2.4623318
2007-09-09,2.4654996
2007-09-16,2.4686674
2007-09-23,2.4718352
2007-09-30,2.475003
2007-10-07,2.4789288000000003
2007-10-14,2.4828546
2007-10-21,2.4867804000000002
2007-10-28,2.4907062
2007-11-04,2.5255996
2007-11-11,2.5565672
2007-11-18,2.5875348000000002
2007-11-25,2.6185024
2007-12-02,2.6599576666666667
2007-12-09,2.6704453333333333
2007-12-16,2.680933
2007-12-23,2.6914206666666667
2007-12-30,2.7019083333333334
2008-01-06,2.7194558
2008-01-13,2.7265156
2008-01-20,2.7335754000000003
2008-01-27,2.7406352000000003
2008-02-03,2.7217036
2008-02-10,2.6957122
2008-02-17,2.6697208000000003
2008-02-24,2.6437294000000002
2008-03-02,2.6296065
2008-03-09,2.6414750000000002
2008-03-16,2.6533435
2008-03-23,2.665212
2008-03-30,2.6770805
2008-04-06,2.6962602
2008-04-13,2.7035714
2008-04-20,2.7108826
2008-04-27,2.7181938
2008-05-04,2.7390126
2008-05-11,2.7525202
2008-05-18,2.7660278
2008-05-25,2.7795354
2008-06-01,2.816524333333333
2008-06-08,2.8400056666666664
2008-06-15,2.863487
2008-06-22,2.8869683333333334
2008-06-29,2.9104496666666666
2008-07-06,2.9492456
2008-07-13,2.9645601999999998
2008-07-20,2.9798748
2008-07-27,2.9951894
2008-08-03,3.0245562
2008-08-10,3.0386084
2008-08-17,3.0526606
2008-08-24,3.0667128
2008-08-31,3.080765
2008-09-07,3.0789378
2008-09-14,3.0771106
2008-09-21,3.0752834
2008-09-28,3.0734562000000003
2008-10-05,3.0417458
2008-10-12,3.0118626
2008-10-19,2.9819794
2008-10-26,2.9520962
2008-11-02,2.8931906
2008-11-09,2.8641682
2008-11-16,2.8351458000000003
2008-11-23,2.8061234
2008-11-30,2.777101
2008-12-07,2.7445822
2008-12-14,2.7120634
2008-12-21,2.6795446000000003
2008-12-28,2.6470258
2009-01-04,2.5988006
2009-01-11,2.5830942
2009-01-18,2.5673878
2009-01-25,2.5516814
2009-02-01,2.537294
2009-02-08,2.5386130000000002
2009-02-15,2.539932
2009-02-22,2.541251
2009-03-01,2.525091833333333
2009-03-08,2.507613666666667
2009-03-15,2.4901355
2009-03-22,2.4726573333333333
2009-03-29,2.455179166666667
2009-04-05,2.4221436
2009-04-12,2.4065862
2009-04-19,2.3910288
2009-04-26,2.3754714
2009-05-03,2.3426942
2009-05-10,2.3254744
2009-05-17,2.3082545999999997
2009-05-24,2.2910348
2009-05-31,2.273815
2009-06-07,2.2346646
2009-06-14,2.1955142
2009-06-21,2.1563638000000003
2009-06-28,2.1172134000000002
2009-07-05,2.0444928
2009-07-12,2.0109226000000002
2009-07-19,1.9773524
2009-07-26,1.9437822
2009-08-02,1.8846845
2009-08-09,1.859157
2009-08-16,1.8336295
2009-08-23,1.808102
2009-08-30,1.7825745
2009-09-06,1.7262068
2009-09-13,1.6953666
2009-09-20,1.6645264
2009-09-27,1.6336862
2009-10-04,1.5841172
2009-10-11,1.5653884
2009-10-18,1.5466596
2009-10-25,1.5279308
2009-11-01,1.4845964999999999
2009-11-08,1.459991
2009-11-15,1.4353855
2009-11-22,1.41078
2009-11-29,1.3861745
2009-12-06,1.3530102
2009-12-13,1.3444514
2009-12-20,1.3358926
2009-12-27,1.3273338000000001
2010-01-03,1.2891728
2010-01-10,1.2595706
2010-01-17,1.2299684
2010-01-24,1.2003662
2010-01-31,1.170764
2010-02-07,1.140244
2010-02-14,1.109724
2010-02-21,1.0792039999999998
2010-02-28,1.048684
2010-03-07,1.02404768
2010-03-14,0.99941136
2010-03-21,0.9747750399999999
2010-03-28,0.95013872
2010-04-04,0.9142845199999999
2010-04-11,0.9030666399999999
2010-04-18,0.89184876
2010-04-25,0.88063088
2010-05-02,0.8567278333333334
2010-05-09,0.8440426666666666
2010-05-16,0.8313575
2010-05-23,0.8186723333333333
2010-05-30,0.8059871666666666
2010-06-06,0.79024414
2010-06-13,0.78718628
2010-06-20,0.7841284199999999
2010-06-27,0.78107056
2010-07-04,0.77122428
2010-07-11,0.76443586
2010-07-18,0.7576474400000001
2010-07-25,0.75085902
2010-08-01,0.7352448
2010-08-08,0.726419
2010-08-15,0.7175932
2010-08-22,0.7087673999999999
2010-08-29,0.6999415999999999
2010-09-05,0.6856663399999999
2010-09-12,0.6802168799999999
2010-09-19,0.67476742
2010-09-26,0.66931796
2010-10-03,0.6655616799999999
2010-10-10,0.66725486
2010-10-17,0.66894804
2010-10-24,0.67064122
2010-10-31,0.6723344
2010-11-07,0.7025289
2010-11-14,0.7327234
2010-11-21,0.7629178999999999
2010-11-28,0.7931123999999999
2010-12-05,0.82480194
2010-12-12,0.82629698
2010-12-19,0.82779202
2010-12-26,0.82928706
2011-01-02,0.8513176166666666
2011-01-09,0.8718531333333334
2011-01-16,0.89238865
2011-01-23,0.9129241666666666
2011-01-30,0.9334596833333334
2011-02-06,0.98676196
2011-02-13,1.01952872
2011-02-20,1.05229548
2011-02-27,1.08506224
2011-03-06,1.1302576
2011-03-13,1.1426862
2011-03-20,1.1551148
2011-03-27,1.1675434
2011-04-03,1.1860366
2011-04-10,1.1921012
2011-04-17,1.1981658
2011-04-24,1.2042304
2011-05-01,1.2179256666666665
2011-05-08,1.2255563333333332
2011-05-15,1.233187
2011-05-22,1.2408176666666666
2011-05-29,1.2484483333333332
2011-06-05,1.2636532
2011-06-12,1.2712274
2011-06-19,1.2788016
2011-06-26,1.2863757999999998
2011-07-03,1.318848
2011-07-10,1.3437459999999999
2011-07-17,1.368644
2011-07-24,1.3935419999999998
2011-07-31,1.41844
2011-08-07,1.4650404
2011-08-14,1.5116408
2011-08-21,1.5582411999999999
2011-08-28,1.6048416
2011-09-04,1.6654566
2011-09-11,1.6794712
2011-09-18,1.6934858
2011-09-25,1.7075004
2011-10-02,1.7405698333333333
2011-10-09,1.7596246666666666
2011-10-16,1.7786795
2011-10-23,1.7977343333333333
2011-10-30,1.8167891666666667
2011-11-06,1.8357620000000001
2011-11-13,1.83568
2011-11-20,1.835598
2011-11-27,1.835516
2011-12-04,1.8773628
2011-12-11,1.9192916
2011-12-18,1.9612204000000002
2011-12-25,2.0031492
2012-01-01,2.0564568333333337
2012-01-08,2.067835666666667
2012-01-15,2.0792145
2012-01-22,2.0905933333333335
2012-01-29,2.101972166666667
2012-02-05,2.0938968
2012-02-12,2.0744426000000002
2012-02-19,2.0549884
2012-02-26,2.0355342000000003
2012-03-04,2.0374238
2012-03-11,2.0587676
2012-03-18,2.0801114000000003
2012-03-25,2.1014552
2012-04-01,2.1342985
2012-04-08,2.145798
2012-04-15,2.1572975000000003
2012-04-22,2.168797
2012-04-29,2.1802965
2012-05-06,2.1910774
2012-05-13,2.1903588000000003
2012-05-20,2.1896402
2012-05-27,2.1889216
2012-06-03,2.1983478
2012-06-10,2.2084926
2012-06-17,2.2186374
2012-06-24,2.2287822
2012-07-01,2.2425189999999997
2012-07-08,2.246111
2012-07-15,2.2497030000000002
2012-07-22,2.253295
2012-07-29,2.256887
2012-08-05,2.2425972
2012-08-12,2.2247154
2012-08-19,2.2068336
2012-08-26,2.1889518
2012-09-02,2.1807065999999997
2012-09-09,2.1903432
2012-09-16,2.1999798
2012-09-23,2.2096164000000003
2012-09-30,2.219253
2012-10-07,2.2167074
2012-10-14,2.2141618000000003
2012-10-21,2.2116162
2012-10-28,2.2090706
2012-11-04,2.2043522
2012-11-11,2.2021794
2012-11-18,2.2000066
2012-11-25,2.1978337999999997
2012-12-02,2.1809053333333335
2012-12-09,2.1661496666666666
2012-12-16,2.151394
2012-12-23,2.1366383333333334
2012-12-30,2.121882666666667
2013-01-06,2.0988886
2013-01-13,2.0906502000000002
2013-01-20,2.0824118
2013-01-27,2.0741734000000003
2013-02-03,2.0814846
2013-02-10,2.0970342
2013-02-17,2.1125838
2013-02-24,2.1281334
2013-03-03,2.134331
2013-03-10,2.1249789999999997
2013-03-17,2.115627
2013-03-24,2.1062749999999997
2013-03-31,2.096923
2013-04-07,2.0639894
2013-04-14,2.0310558
2013-04-21,1.9981222
2013-04-28,1.9651886
2013-05-05,1.9268136
2013-05-12,1.9213722
2013-05-19,1.9159308000000002
2013-05-26,1.9104894000000001
2013-06-02,1.8988476
2013-06-09,1.8926472
2013-06-16,1.8864468
2013-06-23,1.8802464
2013-06-30,1.874046
2013-07-07,1.8722956000000002
2013-07-14,1.8705452
2013-07-21,1.8687948
2013-07-28,1.8670444
2013-08-04,1.8745842
2013-08-11,1.8838744
2013-08-18,1.8931646
2013-08-25,1.9024548000000001
2013-09-01,1.9078216666666667
2013-09-08,1.9038983333333332
2013-09-15,1.899975
2013-09-22,1.8960516666666667
2013-09-29,1.8921283333333332
2013-10-06,1.8839036
2013-10-13,1.8796022
2013-10-20,1.8753008
2013-10-27,1.8709993999999999
2013-11-03,1.871551
2013-11-10,1.876404
2013-11-17,1.881257
2013-11-24,1.88611
2013-12-01,1.8878655
2013-12-08,1.884768
2013-12-15,1.8816705
2013-12-22,1.878573
2013-12-29,1.8754755
2014-01-05,1.8622912
2014-01-12,1.8522044
2014-01-19,1.8421176000000001
2014-01-26,1.8320308
2014-02-02,1.815396
2014-02-09,1.808848
2014-02-16,1.8023
2014-02-23,1.795752
2014-03-02,1.7945775
2014-03-09,1.799951
2014-03-16,1.8053245
2014-03-23,1.810698
2014-03-30,1.8160715
2014-04-06,1.8623007999999999
2014-04-13,1.9031566
2014-04-20,1.9440123999999999
2014-04-27,1.9848682
2014-05-04,2.0460827999999998
2014-05-11,2.0664415999999997
2014-05-18,2.0868004
2014-05-25,2.1071592
2014-06-01,2.130052333333333
2014-06-08,2.1325866666666666
2014-06-15,2.135121
2014-06-22,2.137655333333333
2014-06-29,2.1401896666666667
2014-07-06,2.1338429999999997
2014-07-13,2.124962
2014-07-20,2.116081
2014-07-27,2.1072
2014-08-03,2.0704586000000003
2014-08-10,2.0425982
2014-08-17,2.0147378
2014-08-24,1.9868774
2014-08-31,1.959017
2014-09-07,1.9572476
2014-09-14,1.9554782
2014-09-21,1.9537088
2014-09-28,1.9519393999999999
2014-10-05,1.9604286
2014-10-12,1.9706872
2014-10-19,1.9809458000000002
2014-10-26,1.9912044000000002
2014-11-02,2.0009998
2014-11-09,2.0005366
2014-11-16,2.0000734000000002
2014-11-23,1.9996102
2014-11-30,1.999147
2014-12-07,1.9915628
2014-12-14,1.9839786
2014-12-21,1.9763944
2014-12-28,1.9688101999999998
2015-01-04,1.9642537999999998
2015-01-11,1.9672816
2015-01-18,1.9703093999999999
2015-01-25,1.9733372
2015-02-01,1.9755954
2015-02-08,1.9748258
2015-02-15,1.9740562
2015-02-22,1.9732866
2015-03-01,1.9753651666666667
2015-03-08,1.9782133333333334
2015-03-15,1.9810615
2015-03-22,1.9839096666666667
2015-03-29,1.9867578333333333
2015-04-05,2.0024268
2015-04-12,2.0152476
2015-04-19,2.0280684
2015-04-26,2.0408892
2015-05-03,2.0542802
2015-05-10,2.0548504
2015-05-17,2.0554206
2015-05-24,2.0559908
2015-05-31,2.056561
2015-06-07,2.0659951999999997
2015-06-14,2.0754294
2015-06-21,2.0848636
2015-06-28,2.0942978
2015-07-05,2.1090806
2015-07-12,2.1144292
2015-07-19,2.1197778
2015-07-26,2.1251264
2015-08-02,2.1369303333333334
2015-08-09,2.1433856666666666
2015-08-16,2.1498410000000003
2015-08-23,2.1562963333333336
2015-08-30,2.162751666666667
2015-09-06,2.1890728
2015-09-13,2.2089386
2015-09-20,2.2288044
2015-09-27,2.2486702000000003
2015-10-04,2.2819272
2015-10-11,2.2953184
2015-10-18,2.3087096
2015-10-25,2.3221008
2015-11-01,2.3453475
2015-11-08,2.355203
2015-11-15,2.3650585
2015-11-22,2.374914
2015-11-29,2.3847695
2015-12-06,2.4031994
2015-12-13,2.4117738
2015-12-20,2.4203482
2015-12-27,2.4289226
2016-01-03,2.4421734
2016-01-10,2.4468498
2016-01-17,2.4515262
2016-01-24,2.4562025999999997
2016-01-31,2.460879
2016-02-07,2.4763538
2016-02-14,2.4918286
2016-02-21,2.5073034
2016-02-28,2.5227782
2016-03-06,2.5358452000000002
2016-03-13,2.5334374
2016-03-20,2.5310296
2016-03-27,2.5286218
2016-04-03,2.5272571999999998
2016-04-10,2.5283004
2016-04-17,2.5293436
2016-04-24,2.5303868
2016-05-01,2.5371379999999997
2016-05-08,2.542846
2016-05-15,2.548554
2016-05-22,2.554262
2016-05-29,2.55997
2016-06-05,2.5652682
2016-06-12,2.5648584000000003
2016-06-19,2.5644486
2016-06-26,2.5640388
2016-07-03,2.5648342
2016-07-10,2.5660394
2016-07-17,2.5672446
2016-07-24,2.5684498000000002
2016-07-31,2.569655
2016-08-07,2.5989934
2016-08-14,2.6283317999999998
2016-08-21,2.6576702
2016-08-28,2.6870086
2016-09-04,2.6980374
2016-09-11,2.6797277999999998
2016-09-18,2.6614182
2016-09-25,2.6431085999999997
2016-10-02,2.6043771666666666
2016-10-09,2.5839553333333334
2016-10-16,2.5635335
2016-10-23,2.5431116666666664
2016-10-30,2.522689833333333
2016-11-06,2.5055272
2016-11-13,2.5087864
2016-11-20,2.5120456
2016-11-27,2.5153048
2016-12-04,2.5319084
2016-12-11,2.5452528
2016-12-18,2.5585972
2016-12-25,2.5719416
2017-01-01,2.5963615
2017-01-08,2.607437
2017-01-15,2.6185125
2017-01-22,2.629588
2017-01-29,2.6406635
2017-02-05,2.6543044
2017-02-12,2.6568698
2017-02-19,2.6594352000000003
2017-02-26,2.6620006000000003
2017-03-05,2.61897
2017-03-12,2.5733740000000003
2017-03-19,2.527778
2017-03-26,2.4821820000000003
2017-04-02,2.3964032
2017-04-09,2.3562204
2017-04-16,2.3160376
2017-04-23,2.2758548000000003
2017-04-30,2.235672
2017-05-07,2.2164644
2017-05-14,2.1972568
2017-05-21,2.1780492000000002
2017-05-28,2.1588416
2017-06-04,2.136129
2017-06-11,2.132624
2017-06-18,2.129119
2017-06-25,2.125614
2017-07-02,2.1237203333333334
2017-07-09,2.125331666666667
2017-07-16,2.126943
2017-07-23,2.128554333333333
2017-07-30,2.1301656666666666
2017-08-06,2.120431
2017-08-13,2.109085
2017-08-20,2.0977390000000002
2017-08-27,2.086393
2017-09-03,2.0783084
2017-09-10,2.0815698
2017-09-17,2.0848312
2017-09-24,2.0880926
2017-10-01,2.1057251666666668
2017-10-08,2.120096333333333
2017-10-15,2.1344675
2017-10-22,2.148838666666667
2017-10-29,2.163209833333333
2017-11-05,2.1620254
2017-11-12,2.1464698
2017-11-19,2.1309142
2017-11-26,2.1153586
2017-12-03,2.1032796
2017-12-10,2.1067562
2017-12-17,2.1102328
2017-12-24,2.1137094
2017-12-31,2.117186
2018-01-07,2.1253134
2018-01-14,2.1334408
2018-01-21,2.1415682
2018-01-28,2.1496956
2018-02-04,2.1508786
2018-02-11,2.1439342
2018-02-18,2.1369898000000003
2018-02-25,2.1300454
2018-03-04,2.1718658
2018-03-11,2.2206306000000002
2018-03-18,2.2693954
2018-03-25,2.3181602000000003
2018-04-01,2.3877028333333334
2018-04-08,2.4084806666666667
2018-04-15,2.4292585
2018-04-22,2.4500363333333333
2018-04-29,2.4708141666666665
2018-05-06,2.501916
2018-05-13,2.51224
2018-05-20,2.522564
2018-05-27,2.532888
2018-06-03,2.544949
2018-06-10,2.546686
2018-06-17,2.548423
2018-06-24,2.55016
2018-07-01,2.546373
2018-07-08,2.5408489999999997
2018-07-15,2.535325
2018-07-22,2.529801
2018-07-29,2.5242769999999997
2018-08-05,2.5014909999999997
2018-08-12,2.484229
2018-08-19,2.466967
2018-08-26,2.4497050000000002
2018-09-02,2.4385306
2018-09-09,2.4446182
2018-09-16,2.4507058
2018-09-23,2.4567934
2018-09-30,2.462881
2018-10-07,2.4533519999999998
2018-10-14,2.443823
2018-10-21,2.434294
2018-10-28,2.4247650000000003
2018-11-04,2.4274724
2018-11-11,2.4397088
2018-11-18,2.4519452
2018-11-25,2.4641816
2018-12-02,2.473043833333333
2018-12-09,2.4696696666666664
2018-12-16,2.4662955
2018-12-23,2.4629213333333335
2018-12-30,2.459547166666667
2019-01-06,2.4399492
2019-01-13,2.4237254
2019-01-20,2.4075016000000002
2019-01-27,2.3912778
2019-02-03,2.3752318
2019-02-10,2.3754096
2019-02-17,2.3755874
2019-02-24,2.3757652
2019-03-03,2.3721436
2019-03-10,2.3683442
2019-03-17,2.3645448
2019-03-24,2.3607454000000003
2019-03-31,2.356946
2019-04-07,2.3641114
2019-04-14,2.3712768
2019-04-21,2.3784422000000003
2019-04-28,2.3856076
2019-05-05,2.386399
2019-05-12,2.380025
2019-05-19,2.373651
2019-05-26,2.367277
2019-06-02,2.3672418
2019-06-09,2.3735806
2019-06-16,2.3799194
2019-06-23,2.3862582
2019-06-30,2.392597
2019-07-07,2.4092621999999997
2019-07-14,2.4259274
2019-07-21,2.4425926
2019-07-28,2.4592578
2019-08-04,2.506818
2019-08-11,2.537713
2019-08-18,2.568608
2019-08-25,2.599503
2019-09-01,2.6291539999999998
2019-09-08,2.62791
2019-09-15,2.626666
2019-09-22,2.625422
2019-09-29,2.6241779999999997
2019-10-06,2.6478664
2019-10-13,2.6727988
2019-10-20,2.6977312
2019-10-27,2.7226636
2019-11-03,2.752481
2019-11-10,2.757366
2019-11-17,2.762251
2019-11-24,2.7671360000000003
2019-12-01,2.7687856666666666
2019-12-08,2.7655503333333336
2019-12-15,2.762315
2019-12-22,2.7590796666666666
2019-12-29,2.7558443333333336
2020-01-05,2.760184
2020-01-12,2.7677590000000003
2020-01-19,2.775334
2020-01-26,2.782909
2020-02-02,2.7924074
2020-02-09,2.7943308
2020-02-16,2.7962542000000004
2020-02-23,2.7981776000000003
2020-03-01,2.767843
2020-03-08,2.735585
2020-03-15,2.703327
2020-03-22,2.671069
2020-03-29,2.638811
2020-04-05,2.5211069999999998
2020-04-12,2.435661
2020-04-19,2.350215
2020-04-26,2.2647690000000003
2020-05-03,2.1462864
2020-05-10,2.1132498
2020-05-17,2.0802131999999998
2020-05-24,2.0471766
2020-05-31,2.01414
2020-06-07,2.0100208
2020-06-14,2.0059016
2020-06-21,2.0017823999999997
2020-06-28,1.9976631999999999
2020-07-05,2.0510918
2020-07-12,2.1086396
2020-07-19,2.1661874
2020-07-26,2.2237352
2020-08-02,2.2699273333333334
2020-08-09,2.2585716666666666
2020-08-16,2.247216
2020-08-23,2.2358603333333336
2020-08-30,2.224504666666667
2020-09-06,2.1665758
2020-09-13,2.1200026
2020-09-20,2.0734294
2020-09-27,2.0268562
2020-10-04,1.933687
2020-10-11,1.887091
2020-10-18,1.840495
2020-10-25,1.7938990000000001
2020-11-01,1.7390161666666666
2020-11-08,1.7307293333333333
2020-11-15,1.7224425
2020-11-22,1.7141556666666666
2020-11-29,1.7058688333333332
2020-12-06,1.6781998
2020-12-13,1.6588176
2020-12-20,1.6394354
2020-12-27,1.6200531999999999
2021-01-03,1.5606506
2021-01-10,1.5206302
2021-01-17,1.4806097999999999
2021-01-24,1.4405894
2021-01-31,1.400569
2021-02-07,1.4017074999999999
2021-02-14,1.4028459999999998
2021-02-21,1.4039845
2021-02-28,1.405123
2021-03-07,1.4425716
2021-03-14,1.4800202
2021-03-21,1.5174687999999998
2021-03-28,1.5549174
2021-04-04,1.7157714
2021-04-11,1.8391768
2021-04-18,1.9625822
2021-04-25,2.0859876
2021-05-02,2.268298333333333
2021-05-09,2.3272036666666667
2021-05-16,2.3861090000000003
2021-05-23,2.4450143333333334
2021-05-30,2.5039196666666665
2021-06-06,2.5618890000000003
2021-06-13,2.560953
2021-06-20,2.560017
2021-06-27,2.559081
2021-07-04,2.5112354
2021-07-11,2.4643258
2021-07-18,2.4174162
2021-07-25,2.3705066
2021-08-01,2.325067333333333
2021-08-08,2.3265376666666664
2021-08-15,2.3280079999999996
2021-08-22,2.3294783333333333
2021-08-29,2.3309486666666666
2021-09-05,2.3880676
2021-09-12,2.4437162
2021-09-19,2.4993648
2021-09-26,2.5550134
2021-10-03,2.6900504
2021-10-10,2.7694388
2021-10-17,2.8488272
2021-10-24,2.9282156
2021-10-31,3.007604
2021-11-07,3.0429600000000003
2021-11-14,3.078316
2021-11-21,3.113672
2021-11-28,3.149028
2021-12-05,3.2387988
2021-12-12,3.2932136
2021-12-19,3.3476284
2021-12-26,3.4020432
2022-01-02,3.5412980000000003
2022-01-09,3.626138
2022-01-16,3.710978
2022-01-23,3.795818
2022-01-30,3.8806580000000004
2022-02-06,4.0284592
2022-02-13,4.0914204000000005
2022-02-20,4.1543816
2022-02-27,4.2173428
2022-03-06,4.331112
2022-03-13,4.38192
2022-03-20,4.432728
2022-03-27,4.483536
2022-04-03,4.5682622
2022-04-10,4.6021804
2022-04-17,4.6360986
2022-04-24,4.6700168
2022-05-01,4.745108166666667
2022-05-08,4.786281333333334
2022-05-15,4.8274545
2022-05-22,4.868627666666667
2022-05-29,4.909800833333334
2022-06-05,5.040045200000001
2022-06-12,5.1291164
2022-06-19,5.2181876
2022-06-26,5.3072588
2022-07-03,5.43521
2022-07-10,5.4740899999999995
2022-07-17,5.51297
2022-07-24,5.55185
2022-07-31,5.59073
2022-08-07,5.662846399999999
2022-08-14,5.7349628
2022-08-21,5.8070791999999996
2022-08-28,5.8791956
2022-09-04,6.030653
2022-09-11,6.1099939999999995
2022-09-18,6.189335
2022-09-25,6.268675999999999
2022-10-02,6.3421718333333335
2022-10-09,6.336326666666666
2022-10-16,6.330481499999999
2022-10-23,6.324636333333333
2022-10-30,6.318791166666667
2022-11-06,6.3348654
2022-11-13,6.3567848
2022-11-20,6.3787042000000005
2022-11-27,6.4006236
2022-12-04,6.4456678
2022-12-11,6.4687926
2022-12-18,6.4919174
2022-12-25,6.5150422
2023-01-01,6.5297315
2023-01-08,6.5212959999999995
2023-01-15,6.5128605
2023-01-22,6.504425
2023-01-29,6.4959895
2023-02-05,6.4950432000000005
2023-02-12,6.502532400000001
2023-02-19,6.5100216
2023-02-26,6.5175108
2023-03-05,6.4981892000000006
2023-03-12,6.4713784
2023-03-19,6.4445676
2023-03-26,6.417756799999999
2023-04-02,6.3656016
2023-04-09,6.3402572
2023-04-16,6.314912799999999
2023-04-23,6.289568399999999
2023-04-30,6.264224
2023-05-07,6.2064302
2023-05-14,6.1486364
2023-05-21,6.090842599999999
2023-05-28,6.0330487999999995
2023-06-04,5.8975408
2023-06-11,5.8198266
2023-06-18,5.7421124
2023-06-25,5.6643982
2023-07-02,5.5565285
2023-07-09,5.526373
2023-07-16,5.4962175
2023-07-23,5.466062
2023-07-30,5.435906500000001
2023-08-06,5.3590458000000005
2023-08-13,5.312340600000001
2023-08-20,5.2656354
2023-08-27,5.2189302
2023-09-03,5.129734
2023-09-10,5.087243
2023-09-17,5.044752
2023-09-24,5.002261
2023-10-01,4.946963
2023-10-08,4.934156
2023-10-15,4.921348999999999
2023-10-22,4.908542
2023-10-29,4.895735
2023-11-05,4.844001
2023-11-12,4.805073999999999
2023-11-19,4.766147
2023-11-26,4.72722
2023-12-03,4.6615136
2023-12-10,4.6347342
2023-12-17,4.6079548
2023-12-24,4.581175399999999
2023-12-31,4.554396
2024-01-07,4.5643012734
2024-01-14,4.5742065468
2024-01-21,4.5841118201999995
2024-01-28,4.5940170936
2024-02-04,4.5637583732
2024-02-11,4.5235943793999995
2024-02-18,4.4834303856
2024-02-25,4.4432663918
2024-03-03,4.424324417199999
2024-03-10,4.4455464364
2024-03-17,4.4667684556
2024-03-24,4.4879904748
2024-03-31,4.509212494
